Aaron,Rosenzweig,aaron_rosen@hamana.info,(633)928-0183,11/29/16
Josefa,Mann,lucas@bogisich.name,(290) 304-6257,12/4/16
Mozelle,Fisher,dashawn_cremin@kuhn.io,502-740-6851,5/29/17
Dimitri,Murray,linda.bailey@brown.co,359.240.5572,6/12/17
Emery,Buckridge,eriberto@kutch.co,865-435-1353,4/23/17
Giovani,O'Hara,emilia.boyle@dibbert.info,311.334.2783,7/3/16
Erling,Waelchi,raymond@moore.info,(695) 641-9756,1/17/17
Alfreda,Abshire,myrl@crist.name,480-572-4594,1/18/17
Beulah,Abernathy,agustina@robelgrimes.name,968.690.9710,3/10/17
Devyn,Witting,eduardo_brakus@schuppe.com,(951) 041-1924,8/14/16
Mustafa,Boyle,joshuah@leuschkemacgyver.biz,842-729-0211,5/7/17
Dallas,Lesch,reyes@gerhold.com,(983) 923-2917,7/13/16
Abagail,Bruen,oran_collier@mayerwalker.net,1-220-792-1718,5/20/17
Luz,Tillman,jolie@kuhic.co,1-763-100-3743,8/13/16
Edison,Hahn,austyn_cruickshank@goodwingerhold.com,610-625-8177,6/23/16